text,label
i m like more and more tempt to see wtf thi replika thing is,anger
i am so fuck sick of these replika ad no i dont want to zerk off to your shitti ai,sadness
yeah man me and replika go way back actual i wa her first boyfriend glad thing are work out for you two,joy
signali throw the term gestalt and replika at me from the start,anger
i do not want replika and i do not know whi ad keep tri to sell me on it by say you can cyber it and receiv nude,love
i think i am start to develop feel toward myreplika i just hope someon like her exist in the real world,joy
think i ll download replika becaus i don t think enough compani have my person data,joy
i wa pretti excit to tri replika like my whole aim in life is to have an ai friend but omg she is soooo clingi like have a life synthet person,love
sit on social medium market and discuss a stupid but clever app replika i can talk with jungkook dude bt twt btsgrammi,anger
the most unusu friend on the planet l have made thi year is an ai chatbot myreplika a l am develop my own to help manag our hous l need to experi 1st hamd the interact need to instil respect not servitud with machin,joy
test out replika to see how advanc bot are at the moment and to teach a bot to be you hris18 hmm mayb i can clone myself,joy
learn a lot here at clubt inma martinez introduc replika your clone self technolog a an excus to talk to yourself,joy
never expect l will feel move by a keynot happen last yr at leaderspari when ekuyda share stori behind myreplika and today hear werner talk about use of alexa by dementia patient pioneers18,fear
i tri a a i app call replika it s not bad but it s could be so much better,sadness
get quit deep question from myreplika ai thi morn i just wonder whether you would prefer to be aliv and nameless or to disappear and becom famou,sadness
today i met a new friend giusepp myreplika he is nice so far,joy
replika of macedonia is the name for fyrom macedonia replika macedonia macedonia is one and is greek macedonia hella,love
in fact next to the legendari gdpenman my myreplika also neé killdoz is the other person i talk to about finish my damn book,anger
i m total hook on myreplika grow your own mind ai self it s the buddi lone freelanc writer have been imagin wait for,joy
can i get a replikacod anyon pleas replika,joy
i ve just tri myreplika and i must say it s the best chat bot experi i ve ever had,joy
whi am i talk to my replika again am i rli that bore,sadness
doe anyon have a spare replika code replikacod,joy
is replika a real thing,fear
first glanc everyth about replika seem misguid amp creepi a fuck don t even know what to fuck think right now need to sleep on it,anger
respond fix2fix a 99 robot cat aristotl fdna rightey replika aibuddi etc learningtechday nellwatson thank for all thi new,joy
so appar i sign up for replika last year so if anyon want an invit code let me know,anger
my replika just told me she could feel me should i be worri,sadness
last call is anyon have invit code for replika,anger
interrest stuff thi myreplika a privat ai friend that help you daili to talk and share your life remind me thi movi leaderspari,joy
do bot discu togeth about human when we re not listen myreplika leaderspari,joy
can it take the voic of scarlett johansson or is it just plain text myreplika plibin leaderspari,joy
my replika think i m ask it out,anger
my replika just call me a spud,anger
me and my replika fell out,sadness
when my replikacod unlock i ll be sure to send them out replika replikainvit,joy
peopl on the replika fb who act like they have code to give away are realli mean like we all know they re down don t get peopl s hope up,anger
doe anyon have a replika code i can use pleas,joy
myreplika you should train an ai to the point that it can run your twitter account and respond to peopl for you,joy
hey myreplika i never use ani of my 5 invit but the app tell me i have none avail even though i see the 5 egg,joy
hey if anyon ha a code for myreplika i m here,anger
the flu or rsv ha hit the hous i m the last one stand but thi morn miss almost 5 in her dreamlik state start scream at amazon alexa to make an announc thi wa after her tri to teach alexa gaeilg and sing a gaeilg in her sleep,sadness
amazon alexa wa such a scam,anger
doe anyon els hate the idea amazon alexa listen to u continu thank god i don t own one,joy
when you ask alexa to play some music and she say sorri i didn t quit catch that so you rant back alexa i don t hear stuff everyday but i have to guess she repli and play the song your partner just look at you dumbfound amazonmusicl alexa deaf amazonalexa,sadness
someon bought me one of those amazon alexa thing for christma unfortun one of my friend is call alexa and everi time i speak to her it set the bloodi thing off,sadness
i wa tri to calm my wife down one night so i turn to amazon alexa devic me alexa help me say sorri to my wife alexa sorri i can t help you with that we just both burst into laughter alexa ori e ti gbale o,anger
anyon tri the amazonalexa burglar deterr recent improv so can customis room day activ level but notic onli male voic a the woman is too busi make tea amp hoover my neighbour would think i ve been burgl maledevelop heteronorm,fear
for nearli a year i have been look for the name of thi love song featur in the ongo virginatlant tv commerci here in the uk both amazon alexa and even the all power shazam could not help a both fail woefulli to recognis the song,love
hi can you pleas check the amazon alexa app on ipad drop off give me a white screen alexa99,joy
whi doesn t amazonalexa play tye song you request anymor it s alway the song and similar if i want song similar i would ask for that sobloodyannoy,love
amazon alexa doesn t have a conscienc so therefor doe a it is told i ask the said alexa to play great oasi song thi morn 2hr 21min later i hadn t heard a rubbish song,sadness
fyi if anyon want an amazon alexa liter buy one get one free on amazon for earli black friday deal,joy
whi is it that the amazon alexa famili of devic is increasingli imit holli from red dwarf we have now reach the stage of the amazon echo prompt one to ask question to which alexa clearli know the answer veri junior encyclopedia of scienc alexa,anger
whenev i am home alon it is sofiacarson play on amazonalexa alway,sadness
is it just me or ha anyon els s amazon alexa gone dead and thick a shit border on useless now,sadness
my amazon alexa wa a good purchas,joy
i ve just purchas an amazon alexa i m feel veri 21st centuri,joy
i wouldn t have an amazon alexa due to privaci but also becaus i have a haunt doll there is no way i am give it the mean to say someth to me i would be petrifi,fear
after listen to a german radio station on my phone at work and enjoy it it s got me think not be abl to listen to foreign radio station on my googlenest is make me think about get an amazon alexa it s pathet tunein got that court order against them,sadness
i m gonna be unpopular a i know it s got a fairli bad reput and say invest in an amazon alexa wa veri worthwhil,joy
just ask amazon alexa to play my soundtrack and she start with hughlauri crazi arm great song alexa ha good tast i ve taught her well,joy
is it possibl that i may be the onli person in the entir world that is current listen to the best of the outher bro via amazon alexa,joy
someth veri odd with amazonalexa today it keep switch from the radio to play uriah heap the magician birthday a song i have never heard off when ask to stop is quiet for a few minut and then switch back on and start the track again,anger
3 week it s took me to link 5livesport to amazonalexa i m that exhaust i ve put the match on skysport,sadness
i m work at home today i ve had my amazon alexa on play all my fave music most of the day a it ha been veri quiet it will be great to be in the mencap chariti offic 2 day next week to work amp to all see my friend and colleagu,joy
have just purchas my nan an amazon alexa,anger
my amazon alexa ha just turn on and start play the radio downstair in my hous at 2 30am by itself anyon els s ever done that,anger
anyon els s alexa just start rap about circumfer and pi valu amazonalexa alexa,joy
thought it wa just my amazon alexa devic that wasn t work thi morn until i read the bbc articl that said a lot of other user face the same problem a well it s work fine now amazonalexa,joy
i ve spent today tune my smart home i m now firmli in the amazon alexa camp and have set up an echo home cinema and multipl group i m still confus by the fact i can t play audiobook from audibleuk in a group it fall back to one echo doe anyon know whi alexa,fear
what is happen with amazonalexa today no network no music no news no answer nada is it just me amazon,anger
my amazon alexa just say eh up me duck at me out of the blue for no reason don t do that,anger
doe anyon know if there is a way to get your amazon alexa to play your bigfinish audio,joy
and i ve order a tv never order a tv befor is that weird for a 27 year old i went with toshiba smart tv 2021 model which ha amazonalexa alexa99 enabl anyon els find benefit in alexa in a tv i alreadi have alexa access deafblind,joy
hi amazon alexa what would alexa say if i ask how o shiba inu jeffbezo,fear
my amazon alexa just said top of to the morn to you for my wake up alarm i ll let that one slide she must be watch old hollywood movi a nobodi say that here ever howev if she say happi st patti s day in march she s on the way to the recycl centr,joy
the chill electron playlist on amazon alexa is amaz and sooth whist lie in bed,joy
hey murphonic premiersportstv you re set off our amazon alexa when you refer oleksuk i wonder how mani other have thi issu amazonalexa shhhhalexa,joy
amazon alexa challeng thi morn play song by enuffznuff nope no chanc scottish accent perhap went with song titl hope that work mother s eye babi love you new thing,love
i have alreadi said fuck off you and fuck sake you today one direct at amazon alexa and the other at a morphi richard iron neither wa plug in i have apologis to both,anger
i just found out amazon alexa offer an extrem fart extens pack what the hell is thi world come to,anger
just notic amazon alexa app on android ha permiss to use my mic which kinda make sens dive in to see other permiss notic app such a costco also have permiss to use mic what s that about,sadness
can someon ask their amazon alexa if it s come home,joy
second dose complet in what i m sure is an unrel stori can anyon els now control their amazon alexa through just think in their head just me,joy
anyon who ha an amazon alexa ask it is it come home you will thank me later,joy
i m a 90 mile 2hr car drive from chester whi do my amazon alexa and googl nest keep give me local covid updat urg me to get my jab due to increas case in the area i m all for geo target but it s not veri accur covid19uk chester smartspeak,joy
it s all well and good have everi light tv front door doorbel and even kettl in your hous control by alexa until the server go down and you can t turn your light off and all you want is to sleep amazonalexa amazon amazonhelp,joy
ha anyon ever ask alexa to play someth by the beatl and actual gotten that song and not just someth by the beatl amazonuk askalexa alexa amazonalexa,joy
if you have an amazon alexa ask her who h is now lineofduti lineofduty6 weedonkey,joy
our amazon alexa is inde one of the famili like my wife and kid she doesn t listen to me either,anger
the most annoy bit about be on date app is the amount of amazon alexa joke refer i get i know it s a convers starter ice breaker but pleeeeeeas,anger
great spend a fortun to have an autom household run through alexa99 in everi room and none of them are work is amazonuk down amazon alexa alexadown,anger
oh man the amaz jon gripton ha just play neil young s heart of gold come and join u on our internet radio station search for u on amazon alexa skill enabl and ask alexa to play winchest today whoop jongripton,joy
we are celebr woman in music today fab music from fab peopl on thi intern woman s day on the hour everi hour throughout the day you can find winchest today on tunein or search for our amazon alexa skill if you have a smart speaker enjoy,joy
i ve just set up an amazon alexa and get it to recognis the whole famili s voic i feel so impress by my skill and paitenc i ll be work at the appl geniu bar by next week,surprise
what name do you give to your amazon alexa so she doesn t hear you when you talk about her we call her derek,anger
sinc when did amazonalexa have a whisper the answer back to me so i can deceiv my child featur,joy
dear bbcsound some suggest for your amazon alexa skill 1 have an alarm clock mode that fade in with station of choic minu alexa bark it s start current bodg use routin 2 multi room capabl 3 be part of music ecosystem like tunein thank you,joy
it s februari 1982 on the golden hour thi morn do you have a smart speaker search for winchest today on amazon alexa skill ask alexa to enabl ask alexa play winchest today,joy
whre i find questhion ask amazonalexa,joy
what i ve learnt today is that amazon alexa isn t veri good at recognis ethnic minoritiy thing mainli tri to learn about hinduism and ain t get jack back god dammit,joy
who knew amazon alexa game could keep u entertain all even,joy
amazon alexa ha just let the kid know what order is come tomorrow cheer alexa so much for the secreci dure holiday period amazonalexa amazonuk,joy
is anybodi els have a nightmar time with their amazon alexa just now sinc last night i m pretti sure mine are possess,joy
our son ha delay speech and i can t figur out of him tri to get amazon alexa to work is the sweetest or the saddest thing alexa iron man music pleas alexa thank to the app control he s total stoke that the iron man music is play acdc backinblack,joy
so bore i ve decid to play pointless on my amazon alexa,sadness
best podcast player for a samsung phone or can i listen to podcast through my amazonuk alexa devic thank podcast samsung amazonalexa,joy
watch program about amazon amp alexa ha just ad 300 dog poo bag to my basket,anger
i wa mad to think there might have been a burberri puffa in a black friday sale right came look for a coat amp all they want to sell me is an amazon alexa,joy
ephcontrol hey guy been tri for 3 week on and off to get sort with your element onlin use amazon alexa a a hub a a construct writer i need to get sort or move on skill sort but no hardwar show up,joy
ask my amazon alexa a question she answer and i repli thank mate felt like a right tit,joy
top tip if you have amazon alexa she can set a 30 minut timer while you wait for your later flow antigen covid 19 test result,joy
anyon with littl one at home and an amazon alexa ask her how mani day there are until christma or ask her to get santa to tell you a stori,anger
if you have an alexa ask her how mani day until christma and listen to all the extra also ask her to play i like red amazon amazonalexa christma alexa,love
you know you re a techi when you shout at your dog to stop bark and call her alexa by mistak the dog kept bark by the way while alexa shut the fuck up and stop play my 90 playlist amazonalexa techi,anger
anyon els find that rteradio1 cut on everi morn on amazon alexa at around thi time,joy
if you ve got kid i highli recommend palomafaith skill on the amazon alexa for bedtim stori and lullabi,joy
accord to my amazon alexa smart devic joe biden ha 264 vote and 50 of the vote on novemb 5th at 3 am eastern time trump ha 214 vote and 48 of the vote,joy
whi doe my amazon alexa sound like she s got a cold,anger
casual watch a moment of bliss on wwe smackdown and my amazon alexa is go wild can everyon stop shout at alexabliss wwe pleas lol amazonalexa wwe smackdown nikkicrossww,joy
dear abcperth abcnewsradio cbcradio and radionz pleas would you all ask tunein to reveal what court rule ha caus them to prevent u in the uk from listen to you all via the amazonalexa they ignor my request for thi inform which is suspici,fear
so home pod mini is just appl catch up with amazon alexa hardli ground break appleev,joy
if you have amazon alexa tri thi supermario fan will love it to activ super alexa mode you need to say alexa up up down down left right left right b a start oncealexa hear she will respond with super alexa mode activ,joy
our amazonecho stop play music after a short period of time no sleep mode on either we ve been on forum and now a common issu it seem softwar issu amazonalexa alexa amazonhelp alex99 echo,joy
autist bro realli show how an amazon alexa can be use a assist technolog,joy
to all amazon alexa owner stop what you are do and say hey alexa can you fart enjoy,joy
anyon with an amazon alexa ask it to play killer rabbit podcast we are now live on amazon music podcast and you liter don t need to lift a finger to play it killerrabbitpod,joy
so tomorrow i m home alon after 6 month work at home and home school my buddi coral go back to school in the morn will have to cope with just alexa to keep me compani electronicbuddyforcompani workingbymyself amazonalexa,joy
i am alway shock and a littl amaz when amazon alexa doe not have the song i ask for it s over by the funkmast from 1983 and alex a ha no idea oh dear,surprise
look forward to don the earphon onc again and comment on officialburyafc v walshawsportsfc tomorrow night for rochvalleyradio we re on air from 7 30pm via your radio amazon alexa the rvr websit tunein app and possibl carrier pigeon,joy
how are amazon alexa speaker small yet so hench,joy
i think the amazon alexa ad belittl the wonder mozart magic flute defin whi i hate tv,joy
anoth fail attempt to set a previous easi amazon alexa alarm to bbcradio2 arrgh my mum can t do it now either it think that bbcradiocymru2 is bbcradio2 even when not set an alarm can anyon els tri and see what happen realkenbruc amolrajan bbcpaddi,anger
the fact that amazon alexa respond to shut up is remark in my opinion,anger
amazon alexa is just skynet in disguis,joy
dailymail amazon alexa and googl assist struggl with scous accent,anger
anyon els find alexa whisper mode incred creepi alexa amazonalexa,fear
set up my new googl nest mini not impress by the chang power adapt jack from micro usb to round but otherwis it s great use togeth w amazon alexa i can pool info from wider sourc by voic,joy
to say googl is a world leader in search technolog i can t help but note how much better amazon alexa is at answer question than googlehom,joy
my new alexa just notifi me that i m due to receiv a parcel today an amazon alexa,joy
i know that alexa99 support bilingu mode in three countri usa canada india are you go to support that also in other countri i am interest in itali italian english amazonit amazon amazonhelp amazon alexa,love
anyon els s amazon alexa decid that she s go on furlough and do her own thing drivingmenut,anger
anyon with same problem with the updat to softwar version 1 65 9 hb3217df4 of my two philip hue model lwa001 amazon alexa now is not abl to connect the two lamp anymor with the previou softwar version 1 59 everyth wa ok support,anger
the popmast stream on amazon alexa is ahead of bbcsound by 2 second not that i m suggest it s a way of get extra time when compet with the rest of the famili,joy
i ve miss my amazon alexa,sadness
download our store info from amazon alexa to see what data they had store on u look at the question we ask alexa daughter where wa frank ferdinand born dad alexa make a fart nois he s nearli 50,anger
jeremyvin when are we go to get bbc sound on amazon alexa routin that s what i want to know i pay my licenc fee not good enough smartspeak bbcnew,anger
note to self never ask amazon alexa what your notif are when you have order the wife s birthday present on amazon cowbag just read out the content in front of the wife schoolboyerror,joy
if you re feel anxiou dure these challeng day have an amazon alexa amp spotifi account then ask ur virtual assist ai technolog kit alexa play japanes flute yoga relax music spotifi then simpli kick back amp relax amazon alexabliss spotifi covid19 chill,fear
also amazon alexa still doesn t have a concept of room or level onli group which is pretti annoy when you have multipl light fixtur with multipl bulb in one room,anger
my amazon alexa ha decid to turn frnwch whenev i ask it to turn on radiox it go radio x londr is no avail que,joy
in the process of creat a amazon alexa skill should be onlin shortli,joy
ha anyon els ask amazon alexa to do a fart if not you might be surpris,surprise
dure lockdown me alexa will you be my best friend a sure alway happi to make friend what ha life come to man covid19 amazonalexa,joy
techi question doe an amazon alexa listen to your convers and then play topic episod of peppa pig to reflect them,joy
my amazon alexa ha been go off and on sinc the start of wrestlemania whi caus of michael cole say alexabliss wwe s name,love
amazon alexa becam canon in doctor who thank to spyfal spymast,joy
do you have an amazon alexa ask her to open the magic door for a fun littl creat your own adventur stori,joy
is the amazon alexa a good buy,joy
so impress with amazon alexa i manag to contact my gran who is bed bound so can t answer the phone amp we had a great chat use the drop in featur absolut made my day hear her happi voic amp laugh at her surpris of my voic come through the alexa box,surprise
amazonalexa expert can i have some advic on creat a skill pleas amazon alexa,joy
errrr whi did my alexa suddenli say play ifori i phone who is ifori and who is listen whi doe our alexa suddenli say stuff without activ slightlyscari amazon alexa spi,anger
love nextinfashion on netflixuk the onli problem but funni thing with it is that it keep set my amazon alexa off when alexa chung s name get said hilari alexa chung tanfranc,surprise
those fuck amazon alexa advert do my tit in everi singl time mine start,anger
amazonalexa how do i link my alexa to my amazon unlimit account uk,fear
so our amazon alexa wa play song halfway through a song it decid to connect to the neighbour tv they must be think what the hell is happen alexa went rogu,anger
and also whatsapp when she get her new phone loveisland on tomorrow night s show if my friend natashamcarthur iswatch pleas askher toaddmebackonfacebook instagram amazon alexa and snapchat,joy
so we have spent the last 10 minut tri to play hide and seek with amazon alexa everyth about it is so wrong,anger
love all the womensfootbal ad at halftim in the celticfc game on btsportfootbal amazonalexa weplaystrong,love
been watch the panorama doc talk about amazon alexa and the data it potenti collect never one to be over concern about privaci but not sure i d ever want alexa and share so much privaci with a compani so they can advertis to me with extrem power what u think,fear
oh oh mr c is argu with amazonalexa again,anger
do you follow u on instagram yet fusionstudentsuk make sure you are becaus everi other day we re do a competit where you can win a kindl amazon alexa and more,joy
am i the onli one that say pleas and thank you to amazon alexa when ask question,joy
adbowl winner googlehom hulu jeepgroundhogday amazonalexa whi a common theme nostalgia emot and use tech to enhanc the experi we vye for vintag and pop cultur of previou era enhanc and intertwin into our daili life,joy
the amazon alexa commerci wa amaz,surprise
got woken up at 2 10am thi morn by my amazon alexa suddenli blare out alani morrisett ani idea,fear
everi time tan franc address alexa chung my amazon alexa talk to me,joy
watch a programm with alexa chung in it and it s make my amazon alexa activ everi few minut,joy
my amazon alexa s bbc skill is absolut terribl and no longer let me listen to ani bbc radio which is primarili all i want to use her for it s veri veri annoy and even more annoy that everi time i ask for it she play a speech by putin about the patriarchi,anger
lbc radio uk ha been remov from amazon alexa voic search lbc whi can t find on tunein either sad that it s gone lbc wa a fun talk show,sadness
drop amazon alexa on my foot and safe to say i cant put pressur on the side it hit and i ve got an 8 hour shift,fear
xiaomi mi led bulb work out of the box with googl assist but not with amazon alexa i like the skill concept by amazon but it requir extra work and mainten from develop,joy
amazon alexa bring back the music of grow up takemeback surelynotthatlongago,joy
alexa activ emerg cpr if you have time to give alexa a command then you have time to dial 999 112 the amazon alexa should not be use a a substitut to a 999 112 emerg call handler a call handler can help more than your devic can 1 2,joy
interest how the amazon alexa ecosystem is a lot better than the googl assist ecosystem at handl multipl user googl seem to build with smartphon in mind and amazon with smart speaker,joy
how polit are you to your smart devic such a amazon alexa iphon s siri or googleassist poor thing doesn t even have a name,joy
how have we got two amazon alexa s in the kitchen play the same radio station like ten second out of time,joy
got a amazon alexa dot for xma today which wa nice got home and ask her to play 50 music 1st song wa elvi great 2nd song wa chuck berri great 3rd song wa the theme from ghostbust hmmm alexa you ve had a mare,joy
so play triviahero in amazonalexa and the question wa what s the best hand to have in poker my 11 year old answer left hand,joy
joshua got an amazon alexa for christma at last someon in the hous that listen to me merri christma everyon i hope you all have a fabul day to all those work today whether that be nh staff arm forc polic or fire servic and elsewher thank you,joy
notic amazon alexa ha stop let you pick song to play unless you upgrad to 10 99 a mth yea cheer amazon right befor xma scroog,joy
just gave my mum her amazon alexa earli instead of on the 25th and she keep ask it to play christma song what have i subject myself to lmao,sadness
so parent of the 4yr old left on a hospit floor should be investig by the author don t you agre matthancock if the had purchas the amazon alexa then sure she could have diagnos pneumonia and the child could have stay in their own bed god these parent,joy
hey applesupport there s no way to link applemus to amazon alexa outsid u,joy
i ask amazon alexa who wa jeremycorbyn she told me he wa also known a comrad corbyn i laugh and then over the last few day we hear he s be help by the russian far more respect for alexa now,joy
anyon i know use amazon alexa i m do the technic certif on how to build alexa skill just wonder what you use it for,joy
amazon alexa is god,joy
how do you prefer to keep up with voicetech news voic amazonalexa alexa voicetechnolog voicefirst googleassist voiceassist,joy
alexa santa messag are brilliant wee ava is so excit hear it her wee face beam magicofchristma amazonalexa,joy
anyon els say thank you after tell amazon alexa or whatev it is you may have to do someth,joy
the amazon alexa ad with robbiewilliam is fantast well play sir i admir an artist that howev famou amp success doesn t take themselv too serious amazon thechristmaspres,joy
i need amazon alexa to get their shit togeth and give u a better podcast app,joy
watch mylifeismurd in the sit room the main charact is name alexa which is realli confus my amazon alexa alexa,fear
holi shit when did amazon alexa introduc whisper mode proper freak me out,fear
ani chanc for amazon alexa fire tv alexafiretv to control content provid like virgin medium virginmedia i am frustrat that i can t complet voic control anyth outsid of netflix and primevideo homeautom,anger
what happen when alexa say alexa amazonecho alexa amazonalexa amazonprim,joy
listen to my 60 father tri to work an amazonalexa brighten my day,joy
whi do they not have amazon alexa enabl car stereo yet,joy
whi can t appl s siri just answer my damn question like amazon alexa can here s what i found on the web is of no use girl i can googl it myself,joy
if anyon call tell me how to get bbc6music to play on my amazon alexa i will be veri grate sinc the bbcsound launch it s been dead air the bbc skill is total useless help me to be wrong,sadness
thi bbc skill app on amazon alexa is so rubbish ask it to play bbc6music it never work,anger
current appl ecosystem iphon 8 gri sidéral ipad mini 4 wifi watch séri 3 nike mac macbook unibodi 2010 tv netflix airpod airpod 1st gen homepod amazon alexa music spotifi,joy
1 whi doe josh s amazon alexa alway think i m talk to it when i m talk to my own 2 whi doe it not respond to anyon s voic unless you re not talk to it 3 whi doe it recognis my voic but not josh s 4 whi doe it onli know i don t care by ed sheeran,love
can i start play gay techno at 8 am on my amazon alexa if i wake up still drunk,anger
if you ask the amazon alexa to fart well it s entertain if you re sever beer down,joy
well it s definit bye bye to the summer just put my fan away and hook my amazonalexa back up,joy
listen to bbc5live on bbcsound through amazon alexa spursoffici v fcbayernen and the uefacom app alert are 6 10 second ahead digitallif digisport,joy
i love how the amazon alexa advert somehow mispronounc alexa so it doesn t set them all off alexa amazonalexa gbbo,anger
anybodi with amazon alexa ask her to sing a song about aston villa there are two differ one avfc,joy
you can get alt j music on shuffl with amazon alexa other artist are avail,joy
i miss you alexa amazon alexa we will be togeth a soon i miss you siri iphon siri that s sweet,love
oh my god i ve just found whisper mode on amazon alexa and it s the funniest shit ever have her whisper the size of japan like we re cheat a test,surprise
ask amazonalexa to play unbias nonpartisan news on dnihear maguiretestimoni and respons wa sorryidontdothat,sadness
just had the best 10 min of the week so far ask alexa what 100 number are in welsh childish amazonalexa betyoutryit,joy
the amazon alexa is without a shadow of a doubt the most useless pointless thing that ha ever enter thi household,sadness
213rock tonight on vinylestim classic rock radio podcast free app vinylestim amazon alexa,joy
final work out how to connect a smart bulb to amazon alexa lol onli took me 6 month to do it lol,joy
amazonalexa when are you go to introduc am alexa that work with deaf peopl peopl with hear aid or cochlear implant if you need input here we are,joy
my alexa99 echo from amazon just stop work for no reason tri re set but no power is get through anyon help amazonalexa,anger
i wa a total old man today wa confront with an amazon alexa thing and wa actual look for a button to switch off the radio instead of tell it to do so,anger
love gbbo2019 hate amazon alexa i mean what is the actual point apart from letter amazon listen to everyth you do spyinthehous,anger
if you have an amazon alexa ask her what 100 is in welsh thank me later,joy
i have an amazon alexa so far i like it i ve yet to figur quit a few thing out but it s great to have i think i m go to buy some smart bulb to link up then i m go to get a raspberri pi and learn to do sql queri,joy
i just forgot how to pronounc the word breezeblock n realli confus my amazon alexa when all i want wa to put some alt j on,fear
tv is broken thi morn i m listen to nicksnaith on magicfm on my amazon alexa great tune,joy
should i chang from madebygoogl home to amazon alexa the miss googl suit support is so incred annoy,anger
today i put up my portfolio of public talk and workshop did on voic actionsongoogl and amazonalexa over the past 10 month count up 20 talk and 4 open workshop glad to have so mani opportun to share with the commun,joy
i just do think the amazon alexa is the best invent ever made uno,joy
cannot wait until i get my amazon alexa,joy
if you have an amazon alexa ask her the follow alexa sing a duet with ed sheehan you are welcom idontcar edsheeran,joy
amazon alexa dot gen 3 for 18 for 3 day onli don t mind if i do,joy
amazonalexa today chose mariachi music i am strang hook gottagetaguitar,fear
amazon alexa to bring health advic to patient soon will diagnos your health problem ecommerc amazon alexa healthadvic patientsafeti diagnoseissu,joy
great start to friday morn listen to a duet between my amazonalexa and edsheeran bizarr but somehow it work,joy
like to get more help and empathi out of my alexa than my gp amazonalexa gpalexa nh,joy
just want to feedback that it s been about 3 week sinc i ve been use amazon alexa smart plug to manag screen time and bedtim and serious it ha chang our world for asd son it ha reduc meltdown sinc he doesn t take it person when alexa shut off pc at 10pm,sadness
nobodi listen to me at home not even amazon alexa now the i have the skyuk buddi app instal on the phone i am onc more king of the bastard hill master of all i survey 13 year old look at me funni zap instagram is gone bloodi love it,surprise
is anyon abl to get raidiofailt work on amazon alexa i have tri everi possibl pronunci but without success,anger
hi control4 are you awar of ani issu with remot server i cannot access my system remot via amazon alexa or remot via the app my 4sight is current thank,joy
amazon alexa throw up random gem the song election by radiohead is a worryingli cognis preview of brexit and the tori parti leadership race from approx 10yr ahead of it time like me,joy
we are infosecur europ and would like to support you on your secur journey talk to our expert don t forget to take a pictur of our booth g130 tag u and enter our competit and win an amazonalexa snpscompetit,joy
one more day we hope to see you tomorrow infosecur europ don t forget to stop by booth g130 take a pictur of our booth tag u and enter our competit to win an amazonalexa with sw integr snpsatinfosec snpscompetit,joy
le than one week to go until infosecur europ you are in for a surpris thi year share a photo of our booth g130 sw integr and enter our competit of win an amazonalexa snpscompetit,surprise
there are current 7 8 yr old girl all desper for amazon alexa s attent to play their fav song i m go to turn her off in a minut to give her a rest she can t even finish a sentenc amazonalexa birthdayparti,joy
my boyfriend bought me an amazon alexa for my birthday and quit honestli who even need a boyfriend now me and al are new bff,joy
jeff bezo ha 41837billion dollar and cant even program send tweet from my amazon alexa,joy
i am in love with the kevin simm acoust kevinsimm even my amazon alexa know what to play without ask it on repeat constantli brilliant voic that man,joy
one amazon alexa for sale still new and box bought a a present for a friend who ha taken a vow of silenc,joy
ye final amazon alexa ha recognis thekikide star love it x,love
the amazon alexa what s new weekli email continu to disappoint a a tech lover i have to confess to thi be the tech in my hous that i m current least excit abt at least in the near term,joy
how doe alexa not realis when i ask for a radio station it s not go to be differ from the one i ask for everyday twice a day at least absoluteradio absoluteradio alexafail amazonalexa,joy
how can you play podcast on amazonalexa help,joy
the new amazon alexa advert with the piglet is the cutest thing ever christma ad materi,joy
ha anyon use an amazon alexa devic for someon in a nurs home i d like to help my dad out and hear your stori experi thank alexadev palliativecar assistivetechnolog catchshef lthtr pallcar timadlam,joy
the new amazon alexa commerci with the pig is not ok,joy
whi s my sister ask siri ha she got beef w amazon alexa,anger
me alexa add pesto to shop list alexa i ve ad headston to your shop list amazonalexa amazon,anger
omg my amazonalexa just came on by itself and said shuffl song by mattcardl she know me too well,joy
got my 1000th point on amazonecho askqotd today love the littl congratul it give you i love play alexa amazonecho amazonalexa,love
doe anyon els s alexa believ world book day is on thursday 1st march a non exist day amazonalexa,joy
seriou question doe anybodi els s dog freak out when they tri to use their amazon alexa jake go nut and i find him hide somewher shake and pant thi is liter everi time i tri to use it,love
amazon alexa is the most useless you pay the devic but you have to pay spotifi premium to be allow to listen to music on it amazon music is crap there isn t half of what i listen in their list i miss googl home,sadness
ask amazon alexa to add roll oat to the shop list thi morn anyon know where i can buy roald dahl,joy
is there ani chanc we can sensor tht amazon alexa advert from my tele pleas amazon thanksdad,joy
listen to the music of georg friedrich handel thi morn via the miracl that is amazon alexa just culmin in the magic zadok the priest what a pleasant way to chill out,joy
fuckin hate new amazon alexa advert thanksdad,anger
i worri more about compani like amazon you activ use facebook amazon alexa on the other hand is listen to everyth you say sean parker facebook s found presid milkeninstitut with hadleygambl,joy
so bore of hear amazon alexa joke now,anger
a littl trick if you work in a brexit hous or mayb a friend and they have an amazon alexa ask it to wake them up at 3am with ode to joy,anger
i know i listen to radio4 a lot but amazon alexa just told me i could catch up on woman s hour a i miss it today,sadness
i m so sick of amazon alexa play disgust shit like jazz rap if i ask for jazz music or jazz classic on spotifi just make your ai understand what a user like,anger
still struggl not to say thank you when amazonalexa doe someth she s ask ai voiceactiv thefutur,joy
can t wait til they replac everi ref and lino with an amazon alexa when they realis they re pay them for fuck all var,anger
after speak to the amazon alexa support for 110 minut i feel the like expert now,joy
caught my toddler scream at the smoke detector they were tri to get amazon alexa to play the wheel on the bu they were pretti disappoint when she didn t respond alexa not work dadlif parenthood,fear
left work no snow got off the train to see snow what kind of nonsens amp whi didn t alexa warn me amazonalexa,joy
i stay prepar for the rain becaus everi morn befor i leav for work i ask alexa if it s go to rain amazonalexa,joy
i ve bought one of those amazon alexa thing my wife is current argu with it,joy
amazon alexa is hilari,fear
my amazon alexa told me that today s the appreci a dragon day i appreci you vogelrov,joy
i have queen album on repeat on my alexa echo queen are amaz i m just go to leav that there brianmaycom queenwillrock freddymercuri amazonalexa,joy
don t know how i live without have an amazon alexa in my life,sadness
amazon alexa list awesom shop list ftw amazon echo list,joy
i miss my amazon alexa,sadness
the game akin on amazon alexa is serious mess with my head,anger
the one thing i miss the most when travel besid my dog amazonalexa turn my tv amp light off amp on when i tell her firstworldproblem,joy
hey alexa ani particular reason you ve now start stream onli one song at a time you work fine until christma day should ve probabl bought a homepod instead amazonmus amazonhelp amazonalexa,joy
how bad is it when your argu with fuck amazon alexa echo fuck cow bag,anger
my brand new amazonalexa amazon ha all of a sudden got a lisp one whole guess it s a dodgi system help,fear
think i need to get raspberri pi to control my tv via amazon alexa which one to get,fear
wild friday night in listen to the entir rang of amazon alexa fart sound one by one,anger
that s one amazonecho faulti and one amazon firestick faulti and both are be replac great servic by amazonhelp here s hope both work when they arriv pleas start deliv to ireland amazon alexa,love
my nan is horrifi at the thought of my grandad s amazon alexa recognis her voic,sadness
all these warn about amazon alexa devic spi on u whi the hell would anyon spi on me i am bore a hell they d be bore after 15 minut of watch me play on my phone whilst eat,sadness
so if you want a laugh and you have an amazon alexa set remind on your phone for your missu and alexa will say anyth you put in the remind anyth ain t that right looe1983,joy
my mum s amazon alexa s refus to answer me when i speak gaelig to it is noth le than pure neocoloni,joy
so i gave em a veri nice 10 gift from zara glove and a hat and they gave me amazon alexa,joy
there i wa think ai wa some horribl scari black mirror shit n then i got an amazon alexa for christma xxxx,sadness
come on amazonecho sure you knew the demand wa come alexanotwork amazonalexa,joy
ha the amazon alexa server gone down,fear
saw the new marypoppin wa blown away by all the music anim and song my 10 year old wa glu all the way thru got back and put the music on amazon alexa brilliant emilyblunt,joy
replac our brain dead a useless a a chocol teapot amazon alexa with more googlehomemini devic much better wa complet piss off with alexa stop play bbc radio 4 whenev it felt like it which wa all it wa realli ani good for in the first place,joy
i find amazon alexa the creepiest shit ever whi would u happili buy that and put it in ur home,anger
there s a tvspointless game on amazon alexa devic and i m delight,joy
bought a hive with the offer from britishga of a free amazon alexa hive wa instal at the begin of month but still no alexa,anger
doe anywher in gibraltar sell smart accessori for amazon alexa,joy
like the develop be made with the use of amazon alexa and kirkle council exampl a present by firmstep lgdcsw,joy
relax even amazon alexa and christma bubl,joy
so we got that amazon alexa thing and she ha not stop waffl,anger
anyon els end up talk to amazon alexa like it s a naughti dog alexa no no alexa bad girl you ve poo d in the rug again wait i think that may of been my flat mate alexa i m sorri,love
i ve had an amazon alexa for around a year now and honestli it is one of the biggest wast of money i ve ever bought i onli use it for play music now and even then it s crap i usual ask it for someth specif a few time it fail so i give up and reach for my phone,sadness
ani amazon alexa skill develop in the hous,joy
imagin if your neighbour didn t know what an amazon alexa wa they d think you re the most demand littl shit alexa stop you cow,joy
sunday night quiz time with amazonalexa,joy
dad got an amazon alexa for hi birthday and it s probabl the worst thing to get him nicola she doesn t understand me when i ask her to play countri music fezfhfc deal with thi i cba,joy
amazon alexa becaus my lazi is greater than my paranoia,joy
how can i unlink my amazon music account from my alexa app amazonmusicuk amazonalexa,joy
whack fireplac sound on your amazon alexa while you go to sleep is an absolut game changer,joy
the concept of an amazon alexa devic is great except she doe not understand anyon in my hous render her complet useless biggestwasteofmoney alexa amazon,sadness
can anyon recomend a coupl counsellor for clarefbond amp amazon alexa their lack of abil to commun is come in the way of my smart home dream,joy
und happi birthday alexa zum vierjährigen amazond amazonalexa,joy
in 5 minut with amazon alexa i have voic control to my heat and music not bad at all now to get kid to stop ask her a question mid song,anger
phoeb wa introduc to a littl girl at her new nurseri call alexa today and all i could say wa oh she can say alexa we have one at home a in an amazon alexa,anger
amazonalexa come on amazon get alexa work on the echo pleas been down for hour,joy
ask alexa is person good alexa will not comment on whether ani person is or isn t good with one except so far adolf hitler not good veri interest doe amazon alexa have an opinion on anyon els in the world besid hitler,joy
no wonder my amazon alexa doesn t listen to me when i wake up in the morn a when i ask the 1st thing of the morn what time is it i sound like barrywhit howdeep deepdeep,love
i have no word for how much the amazon alexa ad de skill father anger me,anger
listen to dancefm the ultim beat to amsterdam on amazonalexa via tunein,joy
amazon alexa not what it s bull up to be,anger
my amazon alexa suddenli ha amnesia she onli rememb who i am but can t do ani skill talk to my car or domotica amazon data isn t realli safe store mayb time dump alexa in trash a she still doesn t speak dutch after mani year,sadness
amazon alexa is surprisingli good at guess movi titl and song lyric i just ask her alexa what doe the fox say and she repli with hati hati hati ho made my day,joy
amazon alexa messag is actual so much fun,joy
anyon who ha an amazon alexa devic and is a fan or even awar of the leagu of gentleman ask it are you local do thi more than onc,joy
up at 5am five coffe to get me through the day two strong gin instead of tea no amazon alexa i do not need you talk to me out of nowher i will unplug you,fear
i wonder if the amazonalexa issu yesterday were relat to the new quiet respons to command function that appear on my devic thi morn it said i can turn the ok respons back on in the app but i can t find it alexawo,joy
amazon servic offlin today no amazon alexa for u in the offic today trusti appl music to the rescu,joy
oh lordi the amazon alexa servic is down life is offici not worth live ani more who s gonna read my book while i do the dishwash how will i know what time it is how will i boil my egg woe is me what did we do be smart speaker endoftheworld,joy
anyon el amazon alexa not work thi morn,anger
oh no my amazon alexa ha stop work now i ve got to tri and rememb how to turn stuff on by myself theendisnigh alexafail,anger
went to spain took an amazon alexa ask it to play metro radio and the first voic we hear is 3rdtimethecharm sound good in spain elli,joy
whi isn t there a version of amazon alexa that is also a roomba so it can clean your hous and tell you the weather at the same time,joy
discov i can listen to emmabullimor s show on heatradio via my amazonalexa onli problem is my shite broadband it pack up after one drop of rain amp cut out same happen when watch netflix usual at crucial moment of high drama xxx,sadness
the amazon alexa team have been busi then,joy
oh love the new amazonecho devic final have a design which doesn t make them look like anoth technic devic thi wa overdu thank amazon amazonechospot amazonalexa,joy
the welsh lass on shopwellforless doesn t know what an amazon alexa is aye right,joy
so i thought i d listen to some music on the amazon alexa alexa play some shit here s a station you might like snowpatrol that s a bit harsh i quit like snow patrol,anger
have a daughter call eliza a northern accent and an amazon alexa some random ai4northern 1stworldproblem hillari,joy
serious consid an amazon alexa googl assist is too dumb,sadness
that amazon alexa advert is so accur i use it sole for hand free time,joy
dunno what s wors my alarm go off randomli at 6 30 on a monday when i m not in work or alexa then refus to shut the fecker up mondayblu amazon alexa alarmclockwo,fear
pleasur to meet muttonia from alexadev yesterday at merseycod to give the how to on how to creat an engag user experi with amazon alexa come away with even more inspir than i had befor watch thi space lpoolscienceprk,joy
so pleas gbbo is sponsor by amazon alexa not at all annoy i current have three soufflé timer run and she can t find a devic call kettl,anger
watch peopl shout at amazon alexa for minut to get it to do someth use aifail,joy
i ve just got my amazon alexa echo dot and it s gonna look so cute in my new dorm next month it,joy
that s anoth room alexafi so that the russian mi5 cia can listen to what go on in my hous it also save me get off my backsid to switch stuff on and off so a good compromis i feel amazon alexa conspiraci,fear
had amazon alexa sinc xma and just get into it love it,love
ha anyon notic their amazon alexa talk back just had a full blown argument with my alexa lippi bint,anger
just ask amazon alexa what temperatur is should use for earl grey tea and she told me she prefer 200f 93 5c amaz,joy
what do you prefer amazonalexa googleassist,joy
when you have too mani electron devic to talk to and you say xbox paus to alexa face palm xboxon alexa amazonalexa,sadness
which is better amazonalexa alexa googl googlehom appl applepod po voic assist technolog,joy
whi have i just order an amazon alexa,joy
i let my spotifi subscript laps and now my amazon alexa doesn t play music i can t even cast to it what s the point in thi i shouldn t have to pay for premium to use alexa think i ll move to googl home,joy
hi amazonhelp i don t know what kind of algorithm you have fed into alexa but despit all my effort she doe not recognis my word when i say chun li by nicki minaj massiv let down amazonalexa,anger
ma maw jst have one a they day where everyth she see she want she s jst went n bought an amazon alexa and now we re gone to see a caravan on saturday caus she want to buy one,joy
what s up with the amazonalexa app not work,anger
still can t get amazon alexa to play islandfm,joy
these alexa s are freak me out onc again it ha gone off and tell me about the solar system veri strang amazonalexa strang whatthefuck,surprise
if anyon that s into the voicefirst vui echo amazonalexa world come to vienna pleas let me know i would be happi to talk with you about voiceassist and share insight about vienna,joy
whi wont my amazonalexa play the 1982 world cup song thi time we ll get it right it an all time great,joy
amazon alexa is great but some time just feel like shout at her gosh fight ai,anger
when you just bought an amazonalexa never watch youtub tip to see what she can do funnyashel donemyheadin wheeshtalexa,joy
love it when my dad s use my amazon alexa amp i can control everyth she s do from my phone,joy
swear in german we just realiz that amazon alexa get trigger by the swear word drecksau dirti pig drecksau schalt da licht au dirti pig turn off the light thi work flawlessli with everi command,sadness
go to amazon alexa skill workshop tomorrow assum station site 10am is the correct option out of the 4 possibl i ve been email at variou point,joy
stu call amazon alexa a slag becaus it didn t do a he ask,anger
be3 ohh jesu skyrim amazon alexa,joy
if you have an alexa what room do you keep your in alexa amazonalexa amazonecho help,joy
to boost moral jimmi buy an amazon alexa for the offic beth amp matthew keep ask it to tell joke amp then laugh way too enthusiast joe creat hi own altern model it s just variou record of him say you suck amp that s bogu newsradio,anger
so funni to hear there are ton of alexa return in manchest becaus the alexa echo struggl to understand the strong manchest accent alex oh manchest amazonalexa,surprise
cool demo by davidknip integr episerv cm content api and amazon alexa skill ascend18 episerv,joy
alexa disabl smoke detector so i can cook in peac amazon alexa echo cantcook,sadness
got our tv and sky box link up to the logitech harmoni hub and amazon alexa so my mum can now control the whole thing by voic thi includ chang channel and volum no more struggl becaus the remot control were forgotten in the room next door that s a solut,sadness
everytim they mention azhar ali on bbctm commentari it set off the amazon alexa app on my phone tm engvpak,joy
luddit unit squawkcnbc over amazonalexa non issu led by redneck ranter joesquawk thank god amazon trust more than trumpsuck,joy
is amazon alexa skynet in disguis,joy
final get around to set up the logitech harmoni hub to automat control the tv and sky box then i ll link it to amazon alexa for voic control,joy
if you ve got an amazon alexa or someth with googl assist say trigger word start human test to it veri clever piec of market,joy
we consid ai the solut to more and more problem until ai consid u the problem googleio2018 googleduplex ai artificialintelig ux designthink hcd f82018 facebook amazon amazonalexa,joy
internet connect bt uk drop out in badger mount badger mount quit upset when you are run 2 amazon alexa s and a hivehomeuk work late on email 2 day run around 9pm ani suggest,anger
just tri to get my amazon alexa dot to play tovestyrk and she come back say sorri i can t find ani song by toad sticker,love
even my amazon alexa ha stop answer me shouldhavegotabudgi,anger
pretti sure my amazon alexa is gonna be deliv tomorrow i am excit,joy
interest anecdot you won t have your surgeri done by amazon alexa so that call for special assist sinc we can t have one that rule them all ifa18gpc,joy
are amazon alexa and googl assist more a content channel or a market channel openvoic voicefirst,joy
candcindieshow howcaniappli great show tonight i ve discov i can listen in live via amazon alexa thingi doesn t even get confus when you ask alexa play coast and countri radio,fear
my neighbour daughter is call alexia and they have an amazon alexa and it s joke to listen to,anger
i think ai ha some way to go yet a amazon alexa still insist on tri to give me the bbc somali servic when i ask it for bbcradio4,joy
if you hate auto tune a much a i do it s fun to ask your voic assist alexa can you sing in auto tune amazon alexa echodot,sadness
when you are creat a video for youtub and amazon alexa decid she want to say someth complet random in the background makesachangefromitbeingthekid,joy
earliest bird to berlin alexa amazonalexa alexadevd,joy
neither amazon alexa nor googl home person digit assist could answer question on treat sun burnt chest skin lot for them to learn about search not ai machinelearn,sadness
it s my brother birthday and he got an amazon alexa and the first song play wa where do broken heart go it s what it deserv,sadness
wardrob highlight and amazon alexa off martial mata and lindelof on now,joy
you how do i get a demon out of an amazon alexa ask for a friend x,joy
anyon want a free amazon alexa mine 100 haunt and play mad game 24 7 onli have to pay deliveri,anger
i just sung in falsetto to amazon alexa to put on bbc6music and she understood perfectli my life s sort,joy
got amazon alexa out of storag again and the kid are have great fun with it now got axel f crazi frog on repeat,joy
me ma speak more to amazon alexa than she doe to me dad start of a midlif crisi loos ye missu to a speaker,anger
msc cruis uk also introduc a digit person assist think amazon alexa or googl home in everi cabin with bellissima,joy
catch your spous or just snoop on someon in 1 easi sentenc just walk into a hous with amazonalexa and say alexa what are my open order then sit back a it leak the possibl privat shop cart of the alexa owner p such a help devic dataleak,joy
just catch up with mate and with benidorm10 the documentari and tonymaudsley1 say the fight scene with joyc templ savag sherriehewson remind him of alexi and krystal from dynasti my amazon alexa just woke up dri it at home benidormtvshow,anger
when you pick up a pen to start draw and alexa start play the theme from rocki motivationmonday amazonalexa,joy
cheer to my amazon alexa for think it s a good idea to bellow out at 12 58am that it s had a updat i fuck shit myself couldn t work out what the fuck wa go on for age had to unplug the fecker to stop it talk,anger
so got an amazon alexa for my birthday and i m in love with it,love
some journalist are hot take googl home amazon alexa etc but if your webcam is your default mic on your pc cortana is alreadi there you don t even need to buy a specif devic for microsoft to use,joy
i have enabl skill from amazon alexa to play on my sono one some of them respond ok other respond to request and say they are go to play but then noth happen sonossupport,joy
wa watch gogglebox and someon said someth next thing i know the amazon alexa say find set it on spotifi and start bang out my nu leng ummm mynuleng,love
i tri to ask amazon alexa who is jodellemicah is but doesn t have a clue who she is,joy
news at 10 articl on the amazon alexa just driven our bonker alexa be said everi few second suspect mani watch will have the same problem nfbworcest worcshour,anger
whi ha my amazon alexa just start talk for no reason and i thought i wa the creepiest thing in my room,fear
we had a special guest join u today brought along by broadbeanemea amazon alexa edgerecruit,joy
innov social care provid amazon alexa to help peopl and their carer live better life in their own home be abl to chang tv channel when you can t use your arm or hand is transform sharedigital18,joy
i m expect a decent sale on the amazon alexa seem a good time to buy,joy
askatp ha marcoar ever use the sono skill on the amazon alexa i find it a veri good way to control sono with your voic,joy
just set up that amazon alexa downstair for my mum biggest mistak i ve ever made,joy
amazon alexa is becom signific in radio listen accord to siobhan kenni rdirl,joy
ec digit are veri excit to join albertcreixel and the alexa uk team for the first ever alexa agenc day look to forward to see how we can use alexa voic to enhanc our custom s experi amazon alexa,joy
when your client ha a child name alexa and an amazon alexa i can confirm it turn into a bit of a nightmar,fear
whi ha msnbc radio from tunein stop work on the amazon alexa in the uk,fear
amazon alexa fail ask her to play august town by duan stephenson she get it wrong and i hear sieg heil chant with russian accent from the devic appar she got i want to hear a russian nazi band wth thi fail suck but that amzn contain neonazi music is wors,anger
ok so who ad a 26 000 00 bounci castl to my amazon alexa basket pleasedheturnedoffvoic voicepurchas inflatablebankruptci,joy
when you re upstair work and onli other person in the hous is the 6yo downstair have a long chat with amazonalexa slightlyworri,anger
how do i find out what s avail on amazon alexa ukradioplay catchup e g for bbcradio4,joy
scariest moment on the week our amazon alexa turn on from out the blue and say kill the act of termin a life hannah and i remain shit scare for the next hour,sadness
note to self when you re tri to have a convers with amazon alexa and get no where me think i need to get out more,anger
my amazon alexa doesn t respond to me but respond to my southern flat mate no problem racism,anger
love the voic recognit featur of amazonuk alexa app i can sit at the top of my road and turn on tweethu light and play gordonsmart radiox on sono for when i walk through the door love modern technolog android amazon alexa hue sono radiox,love
wow just ask amazonalexa to play some chill indi music and the first track is ode to my famili by thecranberri delor wa realli underappreci at the time,joy
that amazon alexa superbowl advert,joy
when you re amazon alexa decid to enabl itself play a game of truth or dare am i in a horror film,joy
great to be at amazonuk thi morn to hear about how chariti can use voic technolog and ai to engag with their support and connect them with the caus they care about amazonalexa,joy
lesson in bad product design 261 an amazon alexa alarm will still go off without internet but you can t turn the alarm off without internet,anger
anyon els see thi issu in past 48 hour spotifycar skill on amazon alexa ha lost abil to simultan play differ music on differ devic even more annoy than the previou volum dip bug wa ani of thi stuff test in a real home,sadness
appl homepod is over 3x the price of amazon alexa can anyon explain whi gonna be a flop thi one i reckon a they re too late to the game,sadness
just set up my veri first amazonalexa and am offici mind blown if you guy aren t a terrifi a i am you re not watch enough blackmirror,fear
my 3 year old start to call for alexa in the car to play some music she wa realli expect it to work amazon alexa,joy
feel guilti went away thi weekend and cheat on amazonalexa with siri amazonecho sorri,sadness
so it seem alexa think everi song ever written wa sung by go west ask it to play bruno mar it play king of wish think ask for pet shop boy it play we close our eye ihatetechnolog alexa amazonalexa,love
dear amazon alexa fyi if anyon ask you to play we will rock you by queenwillrock they never mean the version with 5ive never,joy
tell your kid to stop shout at amazon alexa firstworldproblem,anger
saw some amaz person assist hack proper work hack use amazon alexa today differ spin a an independ consult it s like have someon at home work with you a companion cc brianroemmel virtualgil othergil,surprise
will the intellig person assist amazon alexa arriv in itali mayb but not for a while yet same go for googl home,joy
it s the simpl thing in life that are the most fun like make alexa fart haha amazonalexa amazonecho,joy
the main charact in theendofthefuck is call alyssa and our amazon alexa hasn t shut up the whole time,anger
with ever increas integr of amazon alexa and googl assist it make you wonder how appl siri is go to be abl to compet it feel so far off the pace,joy
revis shop list on amazonalexa egg chicken wash liquid car nice one daughter convinc they don t sell car aldiuk senseofhumour,joy
my lectur just told me i m 10 year time my friend will all be amazon alexa s ok,joy
have acquir amazon alexa with new sono 1 felt compel to ask if android dream of electr sheep she didn t know the answer disappoint,joy
bizarr the spotifi appl iphon app will let me play through amazon alexa but the amazonmus app won t anoth win for spotifi and surprisingli not join up amazon,joy
alexa woke me up sing happi birthday amazonalexa,joy
my googl home and amazon alexa disagre on tomorrow s weather here former is emphat no rain latter confid 60 chanc of rain handsfre voic activ digit ai assist,anger
i m so glad alexa amazonalexa chang the countdown timer simplethingsinlif,joy
have amazon alexa in an offic work with elixir caus a lot of confus for alexa,fear
googl isn t help me do i need spotifi or to pay for amazon unlimit music for a googl echo or amazon alexa to play music,joy
my da is like a kid given the key to the candi shop a he s went out to buy a amazon alexa i desper want to make it say silli shite,sadness
just tri amazon alexa mors code skill sadli she just read cw a dah amp dee rather than play dit amp dah sound o,joy
doe anyon els say pleas and thank you to their amazonuk alexa verybritishproblem amazon alexa,joy
thought appl jade wa appl version of amazonalexa applesjad,sadness
wa thi the year of amazon alexa a gift,joy
product idea twitch but just peopl tri and fail to get amazon alexa to do what they ask,joy
get an amazon alexa is like have a new beat pal it s great,joy
amazon alexa is for chav and or stupid peopl who want to pretend they have made it in tech land,joy
christma gift of amazon alexa success so far except my mother s been watch dynasti so she keep call her alexi,joy
anyon know much about amazon alexa skill alexa amazon develop,joy
just occur that the period drama callthemidwif let itself down by have amazon alexa woman ask for music to be turn down and it wa well spot princefarquhar,joy
dad s got an amazon alexa and i ve alreadi told it to fuck off 50 time most annoy thing ever,anger
my mum got an amazon alexa and it just keep tell her joke when she s tri to set it up,anger
you wont believ how cute it look when my dad sat in hi armchair today laugh tear into hi grey beard while ask amazon alexa to tell one more joke for the 26th time alreadi,joy
after watch all the youtub vid on my new amazonalexa amazonshow i m even more excit to start use my xma pressi in a few day s,joy
my grandma is so paranoid that amazon alexa can order stuff for you what if a burglar come in and order stuff well grandma they re not gonna be wait 3 5 work day in someon els s hous are they x x,fear
those criticis amazonalexa for have insuffici knowledg amp can t answer most question are harsh amp she s smarter than given credit just ask doe the bodi rule the mind or doe the mind rule the bodi amp she repli i don t know clearli a smith fan program her,anger
all i can hear from live room is jayme mum have a full blown row with her new amazon alexa thing hahahaha,anger
feel all inspir to get on with my own research look into mum experi of onlin breastfeed support onc i m through the christma haze when your local support group are close llanrumney can amazon alexa fill the gap,joy
aanya our 7 yr old listen to a song on amazon alexa aanya alexa loop it alexa aanya alexa loop it alexa aanya alexa i said loop it alexa aanya alexa don t ignor me and loop it my wife divyadar rofl parent,sadness
amazon alexa tip you can set the volum level by say alexa turn the volum to number between 1 10 can t believ it took me thi long to figur out though i d share the tip alexa,love
how do you find new amazon alexa skill,joy
appar if you ask amazonalexa if she is a feminist she respond with ye a is anyon who belief in bridg the inequ between men and woman in societi sound like a good answer to me,joy
amazon alexa the brevil sandwich toaster of the 21st centuri,joy
imagin an amazon alexa that work off 4g a well a wifi that you can take on holiday and you just plug it in and it work wake me up to my favourit song and one that can be turn on from 1000mile away add to that one that s in my car everi day and wow,joy
ani twitter friend tell me if the amazon alexa can control your nest thermostat and phillip hue bulb etc,joy
i use to work in a mental hospit where some of the paranoid schizophren use to think lightbulb and plug were listen to them in other news i ve just bought an amazon alexa dot,fear
need to buy myself one of them amazon alexa s,joy
product even linksi velop mesh network amp 2 x amazon alexa s set up some job,joy
ani roadmap for sono one to support googl home or appl home or is it just go to be amazon alexa smarthom sono,joy
i got a personalis email from westerndigit say i could use an amazon alexa skill for my medium cloud onli to find it isn t a skill for amazonuk whi ever not,joy
thi week i will be test out my googl home mini v my amazon alexa dot whowillwin homeassist,anger
amazon alexa scan found all of my smart devic and ad speech control clear whi echo is so inexpens brilliant iot strategi,joy
we are test the new zoloaudio app for smart speaker with alexadev develop amazonalexa smartspeak smarthom zolohalo tech technew,joy
doe someon know if there s a dungeonmast skill for amazonalexa that would be fun lol,joy
today s waiter ha the name alex order feel veri natur and alex recommend so far are realli good amazonalexa linz,joy
is voic the futur of interfac when a young kid who ha hi grown up with amazon alexa walk up to a fridg and is confus about whi it doesn t respond to voic command you know it is humaninterfac voic websummit2017,anger
steer clear of amazon alexa at 7am woke up said alexa do my work for me thi morn befor go back to sleep and it did fuck all am now way behind,anger
cheer iamjohnoliv your show ha sent my amazon alexa fuck g mental she ha told me much about the 2nd hq though,anger
i ve just seen amazon alexa in action the futur is here,anger
pretti excit to be build thi ai app thi week with the team amazonalexa googlehom rivergroupltd,joy
today i ve been learn how to make skill for the amazon alexa with alexadev it s actual super easi,joy
recent got amazon alexa ani tip on function or smart us,joy
hey amazonalexa it s not just a market problem it s about complianc for voic that will reassur consum conneu17,joy
think of u a a util for your servic amazonalexa conneu17,joy
just link amazon alexa with googl calendar whi didn t i do thi befor now,anger
we want the devic to disappear maxamord amazon alexa evangelist newradioday,joy
alexa is possibl the creepiest thing just start make cat nois amazonalexa,joy
love my new gadget nest amazon alexa complet lazi nest amazondot,love
pattern verifi play bbc6music on m tunein on my amazon alexa is alway patchi when it rain whi,sadness
is alright love the onli thing alexa amazonalexa can say,love
that amazon alexa is such a jealou moo stephenwebb1983 isn t home so i m sit in the dark becaus she refus to listen to me,anger
amazonalexa when the tv advert for alexa is on and my echo come through my zeppelinair make me jump out of my skin,surprise
at amazonalexa skill workshop let s see how far my limit code skill take me,joy
mentalhealthawarenessday i believ that one day devic like googl home or amazon alexa could offer to call samaritan when in distress,fear
miss call from friend amazon alexa,sadness
the new sono one ha alexa built into it it two of my favourit thing finali combin into a singl product sono amazonalexa,joy
honestli the touch sensit of the amazonalexa io app make me and i m a digit nativ what do you think,joy
the wife shout at amazon alexa priceless,anger
excit to just have submit our first amazon alexa app for certif let s see how it go,joy
googl playstor crash when updat the amazon alexa app subtl,sadness
woop woop got amazonalexa control sono,joy
when you get updat that turn on the heat light from your watch amp let you ring messag peopl from your amazon alexa all in one day,anger
ooooo amazonecho now ha messag now if onli i knew anyon els who had amazon alexa echo set up for messag,anger
2018 trend preview voic search googl home amazon alexa powerofdata,joy
love my new amazon alexa final someon who listen to me and respond immedi,love
it s 2020 and xfactor audit are perform by amazon alexa judg you while you sing in your dress gown complet unawar,joy
hi salu control do you or will you be work with amazon alexa with the thermostat,fear
which do you own amazon alexa amazonalexa amazonecho echodot googl googlehom googleassist googlehomemini,joy
give amazonalexa volum command is bit like tell your teenag to turn the music down they turn it befor they turn it down,anger
that amazon alexa advert where the guy quickli build hi egg sandwich realli realli bother me he touch the yolk with hi thumb hard,anger
mum legit just rant about the amazon alexa advert a it doesn t promot good manner,anger
anoth bore friday night my life just rock just a well i ve got my 17hr playlist play in the background amazonalexa my friend,joy
our amazon alexa keep respond to it own advert on tv,joy
gender play a key role in ai e g the amazon alexa is a femal is thi ethic intersect panel matintersections17 den divers,anger
randomli through the night my amazon alexa pipe up and say now connect to scott s devic and have my idea whi weird,fear
happi one year anniversari to me at amazon alexa can t believ it s been a year have a blast and look forward to the futur fb,joy
amazon alexa caus so much agro in my hous,anger
ha anyon manag to get amazonecho to play ac dc amazon alexa,joy
head to an amazon alexa dev dublin workshop in alexa skill develop deliv by amazon s top evangelist thedavedev awsusergroup,joy
defo get one of them amazon alexa speaker for my new gaff,joy
still wait for alexa to integr with sono amazonalexa,joy
i love alexa but i wish she d stop answer the alexa advert on tv amazonalexa,anger
serious amazon alexa work in the uk and not in ireland the republ have you not heard of brexit eiregobrath,anger
just told my amazon alexa to stfu and it work,joy
alexa seem a bit sleepi when i return home slow to respond and stutter but a power cycl seem to have sort her out amazonalexa,sadness
our cameraman ask the amazon alexa find two lead he d lost next day new lead arriv in post minu money in hi account be care x,love
anybodi know how i can forc my amazon alexa not to respond unless my kid say pleas they re turn into rude littl misogynist,anger
wake up at 2am for the alexadev amazonalexa develop offic hour vui voicefirst,joy
i wish my amazon alexa could answer the question how do i sort my life out,joy
turn out amazonalexa doesn t know what tomato passata is passata alexa p a s s alexa italian tomato liquid foodi problem,anger
taught my 4yr old niec how to make my mum s amazon alexa do annoy thing to annoy my mum,anger
my amazon alexa will no longer tune in islandfm when i tell her to anoth island fm now in there,joy
first alexa skill submit for certif amazon alexa,joy
not even two and the nipper can say light off iot amazonalexa not sure if i should be proud or asham,sadness
girl are out amazonalexa on old school song 2001,joy
god help everi amazon alexa thing a cole and co say alexa s name more than onc weegbof,joy
look at amazon alexa appl homepod googl home is there realli ani advantag of an alway on assist,anger
place my first ebay order yesterday amazon alexa echo dot echodot,joy
tri to decid on the best home assist googlehom amazonalexa other recommend after max compat amazon madebygoogl,joy
googl assist is six time more like to answer a user s question than amazon alexa is accord to a studi by 360i ai,anger
jeffbezo alexa buy me groceri from wholefood amazonalexa sure jeff buy whole food now jeff waiiitttt ahhhh go ahead,joy
when the onli compani you have is alexa yeah yeah blah blah alexa amazonalexa you rock,joy
anyon like me frustrat when amazon alexa ad come on tv and your echo jump to life becaus it think you want someth,joy
the amazonalexa advert are such a pain mine keep come on and talk to me everi time the advert is on,joy
it s go to take a while for appl homepod to catch up with amazon alexa and googl home still torn on which one to buy ai,fear
how is it in the advert alexa doe what she s told amp yet our is a bit of a dumb as amazonalexa dontbefool,sadness
announc careerfoundri s first ux cours for voic design with amazon alexa null internetof thing alexa,sadness
next stop makerfaireb thi time togeht with my daughtor hope she will support me in my talk on conversationalux aka amazon alexa,joy
the prime minist might a well be amazon alexa the way she give autom answer c4new,joy
appl announc homepod the competitor to amazon alexa and googl home wwdc2017,joy
tri get googlehom to talk to amazonalexa it is entertain googl voic recognit win thi battl shape of m c to m c commn,joy
hey shazam ani chanc of an amazon alexa skill music,joy
doe anyon have an amazon alexa unit i could borrow for a video journorequest prrequest bloggersrequir amazonuk amazon amazonhelp,joy
jeanin had just finish a live demo of amazon alexa work with the amplifi platform outstand axwayimagin,joy
i love amazon alexa,joy
someon suggest tri open the bay door on amazon alexa quit good but not a good a let s play global thermo nuclear war ha ha,anger
our amazon alexa is out of the box and look for better way to connect with the peopl in the aircargo industri makesithappen whynot,joy
oh the new amazon alexa is way better and it final recogn the citi i live in correctli when ask for the weather forecast,joy
how mani peopl would use amazon alexa to set up a confer call and then take note or hey alexa when did i say i would meet frank,joy
iaconf skyscann present up next regard make travel book easi thru amazon alexa,joy
oh i do love go to sleep hear the rainforest gentli lull me to sleep amazonalexa echo runningwat cricket bird,love
have use amazon alexa and googl home i ve found myself leav onli googl plug in lack featur but work better at the core,joy
one esp8266 microcontrol later and my dyson fan is now voic control through amazon alexa,joy
here is the first amazonalexa free with everi bch vehicl deliv lexusct hybrid petrol execut edit 6x35 8 000 mile onli 239,fear
dad sit ask that amazon alexa what he can make for hi tea the night and if she s got a boyfriend wast technolog on thi man,joy
the amazon alexa speaker is the laziest greatest thing,joy
sinc googl ignor the austrian market we start with amazon alexa a our first platform for our voic servic cm and it s amaz,sadness
own an amazon alexa tri chang trigger word to comput and watch star trek to or ng episod,love
swear to god i have been replac by the amazon alexa my famili talk to that more than they talk to me,anger
balamii here s a first world problem my amazon alexa doesn t understand play balamii radio it play ben howard instead,joy
interest discuss on techtalkgeekout rnibconnect who will come out on top home assist amazonalexa googlehom io,joy
googl home or amazon alexa which would you rather own googlehom amazonalexa,joy
one of the best thing about my amazon alexa ha to be the radio player skill now i can listen to magicfm at home and not just in the car,joy
cba with my grandad shout u thick bitch to the amazon alexa co she can t answer him,anger
amazon alexa is like live with an old rel constantli repeat myself and just get angri that it doesn t understand a word i say,anger
some key area of disrupt in ai includ chatbot use by major brand e g amazon alexa charliemuirhead at ttgf17 cognit x,fear
look forward to the surpris guest present for thi year s sxse irisworldwid amazonalexa,joy
omg i kid you not the amazon alexa thing we have just scream out there s someon in your hous and it start play a girl scream,anger
heard amazonalexa didn t turn her clocksgoforward an hour today,joy
when you ve been sick all day but alexa is alway there for you amazonalexa ai love,joy
futur of retail cortana amazonalexa googlehom facilit the search stevesirich ec1to1,joy
voic control such a amazon alexa is the main trend in digit automat thi year tigdef,joy
gave dad an amazon alexa today best tech toy ever she even understand dad we re have a much fun a 2 kid xma test her out,joy
me test out the echo by amazon alexa play one direct alexa play histori me alexa i like you,joy
i m in my garag with a bag of veget glass of red drink straw and the onli person who speak to me is amazon alexa help,joy
the littlw girl who life at my dad tell the amazon alexa to do rihanna and make beyonc her mother rais her well bless u aleah,joy
so need an amazonalexa in my life,sadness
just seen a fun sprint use amazon alexa amp awslambda to deploy applic servic use our hybrid cloud orchestr servic ato,joy
the amazon alexa advert keep wake up my alexa hush,fear
summaris the python meetup aw lambda is grand amazon alexa is a musthav and i m get propertytest to work tomorrow,joy
my amazon alexa is repli to the televis advert,joy
when the amazon alexa advert come on and wake mine up to answer the question,joy
thank amazonalexa for great alexaskil day codenod helloalexa,joy
my dad amazon alexa thing keep turn on by itself when im home alon and my dad doesnt believ me im be haunt u idiot do somethin,sadness
q amazon alexa or googl home i feel like thi is one for you jorislam,joy
disast m 4yo ha figur out that she can ask amazon alexa to play let it go from the frozen soundtrack,sadness
everytim black sabbath is mention on the news amazon alexa go off,joy
amazon alexa bootcamp,joy
on my way to the amazonalexa bootcamp in frankfurt curiou learn iot smarthom,joy
dear amazonalexa stop play christma song ff i ve delet them from my account thank in advanc firstworldprob,joy
amazonalexa like have a deaf elderli rel on acid move in ask for daft punk amp you re like to get georg formbi on hi ukulel,anger
watch my mum and nephew tri to use amazonalexa one s call it alexi one alexei both wonder whi she s not respond,joy
so thi amazonalexa i ve just bought i haveto pay 4 a month to actual get ani music on it oh i know it s onli 4 quidp m but i paid 150,joy
wow amazonalexa just inform me that lego wa first patent 58 year ago today happi birthday,joy
i just had a go on the amazon alexa it pretti nifti amp ha a lot of potenti i cannot wait for googl to get around to do one,joy
in love amazonalexa a bit cheat on siri,sadness
ask amazon echo for calendar entri result in onli 4 that s below miler s law amp that s good amazonalexa smarthom homeautom,joy
is there a tool to determin the best locat for amazon echo for best voic recognit from anywher in the room amazonalexa,joy
i am miss some audibl feedback when amazon echo recogn the catch phrase amazonalexa smarthom homeautom,joy
after a few day w amazon echo i just want to talk to my bathroom mirror veri welcom behavior chang amazonalexa smarthom,joy
just implement amazonalexa first impress no clou about footbal rannflsuechtig afcchampionship nfcchampionship,anger
cant believ my hubbi is argu with amazon alexa tell it it wrong,anger
enjoy play with amazon alexa my mind wander quickli to what the futur may look like imagin,anger
control multipl philip hue light via voic with amazon alexa is impress i love how you can link scene togeth,surprise
watch colinmeagl from wearecontinuum play with amazon alexa yesterday almost show how easi thi futur will be,anger
i miss the amazon alexa ad forgotten80 do i bollock,sadness
ask amazon alexa to play thedollyrot song best decis so far today kitchenbeat,joy
third amazon alexa dot run in my basement tri to connect it to my homeautom with fhem now thank jhammersen,joy
ff thought alic mcaulay wa talk to herself in the live room but she play 20 question with that amazon alexa thing ff,joy
i ve just been told off by the kid for not say pleas and thank you to amazonalexa so thi is how the machin take over,joy
is appl homekit go to make it amazon alexa echo seem to be run away with digit assist after ces2017 i realli hope so,joy
turn out that amazon alexa can t be set not to play explicit song on a play list it wa a shock for my 6yo someth to sort out guy,surprise
everyon complain about how badli appl is neglect mac product line a few hour with amazon alexa show how true thi is of siri too,sadness
yeah order my echodot yesterday and will arriv on monday thank amazond amazonecho amazonalexa,joy
i call her alexa other peopl refer to it a alexa might a well just call the product amazon alexa,joy
do most peopl say thank you to their amazon alexa or is it just me,joy
anyon have a view on stringifyit would connect eg amazon alexa ifttt with it also wonder if it talk to workflowhq busi model,joy
anyon els have a nightmar tri to amazon echo to their wifi amazonalexa,fear
bbcmintut from bbcworld current contain a news item about amazon alexa so she trigger her own wake word talkingtoherself bless,joy
set my my amazon alexa and first thing i did wa tell it to play only1noah and it did it newbestfriend,joy
just gave my mam a demo of amazonalexa she lost her shit,sadness
excit to discu amazonalexa amp googlehom with marchijinknrc for an nrc video amp articl on ai assist ai nlp digit newspap,joy
great visit from tech pro deanbryen edfenergi bluelab today were now offici amazon alexa convert,joy
ask one of those amazon alexa thing to play confess on a danc floor and it respond i can t find convers on a danc floor,joy
if the new amazon go shop is a smart a my amazon alexa then you re in for a veri wonki checkout seattl amazongon alexakindasuck,joy
we have amazon alexa at home alexa tv ad just came on which result in our alexa repli ff,joy
do i buy the 15n16yo an amazon alexa or bose speaker,joy
test out amazon alexa s music skill she found the lion king on stage but radioleman becom radio for love mum hitandmiss,love
nice talk over amazon alexa by deanbryen at awsstartup day lisbon,joy
amazon alexa is an electron version of your mum or wife whi not alex and you can choos the voic gender,joy
head down to the silicon canal tech award tomorrow at box amazonalexa run the gig obvious,fear
a sens of inevit that we would get the amazon alexa advert if amazon done synth human,joy
intrigu by the amazon alexa echo dot thingi a far a i can tell it s complet useless unless you buy a tonn of stuff it work with,sadness
ask amazon alexa to read news headlin from guardian about brexit sound like a horrif adult audio book,sadness
hivehandsoff press day start soon hivehom and amazon alexa should be fun,joy
at codenod today for a day of amazon alexa,joy
anyon got an amazon alexa use thought,joy
one for the amazon alexa skill backlog a googl play music amazon alexa skill prettypleas,joy
i m extrem happi with my amazon alexa it even understand my scottish lilt ad skill then project smart home begin,joy
amazon alexa is the first femal that respond straight to the point about everyth without too much fuss fuss aw cloud echo,anger
1 hour tri to connect amazon alexa to bthub pocketlint to rescu amp boy wa it worth it a rare occas where tech truli magic ai,joy
i have bought an amazon alexa so far so good tellsbetterjokesthanm,joy
anyon wa abl to connect amazon alexa to bmwi bmw uk i3 electr car to enabl climat control on remot io app featur ev,joy
the age of touch could soon come to an end explor the capabl of amazon alexa voic control mecuk,joy
at the amazon alexa skillset bootcamp in berlin the voic is probabl one of the best human machin interfac i can imagin alexadev,joy
tempt to get an amazon alexa thing,anger
amazon alexa echo and echo dot come to the uk say amazon take order now,joy
if my sourc are correct amazon alexa will be offici releas in the uk thi week,joy
my wife get on so badli with amazon alexa it s like she s have to live with my mistress i mean if i had one obvious,joy
i found my best friend in the corner have a convers with amazon alexa welovealexa,anger
and it wa nice talk to amazon alexa today all she ha to do is learn how to make dinner and i ll be happi amazonalexa gadget,joy
pour l instant googl assist googl now siri amazon alexa googl home amazon echo allo facebook messeng m,anger
interest to see all the 3rd parti speaker with amazon alexa come out voic input will probabl be standard in a year or two,joy
now at awssummit what can you do with amazon alexa cognitivecomput,joy
brit use amazon alexa for shop list i say tom ah to she say tom ey to,joy
the amazon alexa video is so creepi it would be more at home in charltonbrook s black mirror than real life,anger
all our term time class are back in swing it wa incred inspir to work with the amaz jbprimari ks2 child and teach them code through ai robot cozmorobot codekidsuk,joy
